question_id,paragraph_id,answers
1,[17],['Belkin and Griffin']
2,[6],['2001']
3,[1],['three']
4,[],[]
5,[],[]
6,[],[]
7,[],[]
8,[],[]
9,[],[]
10,[],[]
11,[],[]
12,[],[]
13,[8],['30GB']
14,[],[]
15,[3],['Microsoft Windows']
16,[],[]
17,[],[]
18,[],[]
19,[],[]
20,[],[]
21,[],[]
22,[5],['5']
23,[6],['2001']
24,[],[]
25,[],[]
26,[6],['2001']
27,[],[]
28,[],[]
29,[6],['Jon Rubinstein']
30,[],[]
31,[],[]
32,[],[]
33,[],[]
34,[],[]
35,[8],['silver']
36,[],[]
37,[8],['U2']
38,[],[]
39,[],[]
40,[9],['UK']
41,[9],['1981']
42,[],[]
43,[],[]
44,[],[]
45,[],[]
46,[],[]
47,[],[]
48,[10],['2001: A Space Odyssey']
49,[10],['Vinnie Chieco']
50,[],[]
51,[],[]
52,[],[]
53,[],[]
54,[13],['clipping']
55,[],[]
56,[],[]
57,[],[]
58,[],[]
59,[],[]
60,[],[]
61,[],[]
62,[],[]
63,[],[]
64,[],[]
65,[],[]
66,[],[]
67,[],[]
68,[],[]
69,[],[]
70,[],[]
71,[],[]
72,[],[]
73,[],[]
74,[18],['iPhone 5']
75,[18],['8']
76,[18],['8']
77,[18],['Lightning']
78,[18],['seventh generation iPod Nano']
79,[],[]
80,[],[]
81,[],[]
82,[],[]
83,[20],['2005']
84,[],[]
85,[],[]
86,[21],['personal FM transmitters']
87,[],[]
88,[],[]
89,[],[]
90,[],[]
91,[],[]
92,[],[]
93,[],[]
94,[],[]
95,[],[]
96,[],[]
97,[],[]
98,[],[]
99,[],[]
100,[25],['five']
101,[],[]
102,[],[]
103,[],[]
104,[],[]
105,[],[]
106,[26],"['October 12, 2005']"
107,[30],"['September 5, 2007']"
108,[],[]
109,[],[]
110,[27],['Up to five']
111,[27],['iTunes Plus']
112,[],[]
113,[27],['AAC']
114,[],[]
115,[],[]
116,[],[]
117,[],[]
118,[29],"['July 3, 2007']"
119,[30],"['September 5, 2007']"
120,[29],"['July 3, 2007']"
121,[],[]
122,[31],['Video games']
123,[],[]
124,[31],['Brick']
125,[],[]
126,[],[]
127,[],[]
128,[],[]
129,[],[]
130,[32],['2006']
131,[],[]
132,[],[]
133,[],[]
134,[27],['AAC']
135,[],[]
136,[34],['clickwheel-based games']
137,[],[]
138,[],[]
139,[],[]
140,[36],"['hidden folder, along with a proprietary database file']"
141,[],[]
142,[9],['September 2007']
143,[37],['patent infringement']
144,[],[]
145,[],[]
146,[7],['Pixo']
147,[],[]
148,[38],['Zen']
149,[],[]
150,[],[]
151,[],[]
152,[],[]
153,[],[]
154,[],[]
155,[],[]
156,[40],['74%']
157,[],[]
158,[40],['72.7%']
159,[],[]
160,[],[]
161,[40],['70%']
162,[],[]
163,[],[]
164,[],[]
165,[],[]
166,[],[]
167,[],[]
168,"[40, 42]","['72.7%', 'US$5.2 billion']"
169,[42],['US$5.2 billion']
170,[],[]
171,[],[]
172,[],[]
173,[],[]
174,[],[]
175,[],[]
176,[],[]
177,[40],['72.7%']
178,[],[]
179,[],[]
180,[],[]
181,[],[]
182,[],[]
183,[],[]
184,[],[]
185,[],[]
186,[],[]
187,[],[]
188,[],[]
189,[],[]
190,[],[]
191,[],[]
192,[],[]
193,[],[]
194,[],[]
195,[51],['third-party vendors of iPod replacement batteries']
196,[],[]
197,[],[]
198,[],[]
199,[],[]
200,[],[]
201,[],[]
202,[],[]
203,[],[]
204,[],[]
205,[],[]
206,[],[]
207,[],[]
208,[],[]
209,[],[]
210,[],[]
211,[],[]
212,[],[]
213,"[39, 56]","['Made for iPod', 'the Electronic Industry Code of Conduct Implementation Group']"
214,[],[]
215,[],[]
216,[],[]
217,[56],['Verité']
218,[],[]
219,[],[]
220,[57],['2010']
221,[],[]
224,"[59, 61, 77, 79]","['69,197', 'Five security guards', '18,498']"
225,[59],['2008']
226,[62],['almost 80% of buildings were destroyed']
227,[],[]
228,[119],['Wednesday']
229,"[61, 66]","['69,197', 'over 6,000']"
231,"[67, 91]","['Between 64 and 104', '90 minutes']"
233,[62],['80% of buildings were destroyed']
235,"[61, 93]","['15 million', '184']"
236,[],[]
239,"[59, 61]","['18,222']"
240,[],[]
244,[],[]
245,[80],['80%']
246,"[63, 87]","['Longmenshan fault', 'in the rural part of China']"
248,[63],['Longmenshan fault']
249,[],[]
250,[63],['Longmenshan fault']
253,[],[]
259,[],[]
261,[],[]
263,[],[]
265,[],[]
269,[],[]
271,[68],"['August 30, 2008']"
274,[],[]
278,[],[]
279,[],[]
281,[],[]
284,[],[]
285,[71],"[""Shanghai's financial district""]"
287,[],[]
294,[72],"['Hui County, Gansu']"
295,[],[]
297,[73],['60']
299,[],[]
300,[],[]
301,[],[]
302,[74],['suspended trading of companies based in southwestern China']
303,[74],['southwestern China']
304,[74],['Shenzhen Stock Exchange']
305,[],[]
308,[],[]
309,[75],['Sichuan area']
310,[],[]
311,[],[]
312,[],[]
314,[76],['more than 700']
315,[76],['China Unicom']
317,[77],['31']
319,[],[]
320,[77],['Six']
321,[77],['Five']
323,[78],"['2,000']"
325,[78],['Zipingpu Hydropower Plant']
326,[],[]
327,[],[]
328,[],[]
329,"[80, 89]","['10,000', '63']"
330,[],[]
333,"[61, 79]","['18,222', '18,498']"
334,"[79, 80, 89, 93]","['18,498 people are listed as missing, and 374,176', '10,000', 'eight deaths, 1000', '184']"
335,[],[]
340,"[80, 117]","['10,000', '200,000']"
347,[],[]
349,[],[]
350,[81],['medical treatment']
352,"[73, 82]","['900 students buried and fewer than 60', '1,700']"
353,"[73, 82]","['900', '700']"
354,[82],"['1,700']"
355,[82],"['7,000']"
357,[],[]
358,[],[]
360,[83],['546']
361,[],[]
363,[84],['12.5 million']
365,[],[]
366,[],[]
367,[],[]
368,[],[]
369,[],[]
370,[],[]
371,[],[]
374,[],[]
376,[],[]
378,[],[]
380,[88],['earthquake']
383,[],[]
386,[],[]
389,[90],['Wei Hong']
390,[90],"['200,000']"
391,[],[]
392,[91],['the rescue work']
396,[92],['the most serious class of natural disasters']
398,[],[]
399,[],[]
402,[],[]
403,[93],['An earthquake emergency relief team']
405,[93],['the Armed Police General Hospital']
406,[93],['planes']
408,"[72, 94]","['Chengdu', 'China Digital Times']"
409,[],[]
410,[],[]
412,[],[]
413,[95],"['June 1, 2008']"
416,[96],['Saudi Arabia']
417,[],[]
420,[96],['four']
421,[],[]
423,[],[]
425,[],[]
427,[],[]
428,[],[]
431,[109],['The Internet']
432,[],[]
433,[],[]
436,[],[]
438,"[66, 101]","['Yuji Yagi at the University of Tsukuba', 'Chen Xuezhong']"
439,[101],['Chen Xuezhong']
440,[101],['2002']
443,[102],['no consensus']
446,[],[]
451,[],[]
452,[],[]
453,[104],"['15,600']"
455,[105],['deployment of an additional 90 helicopters']
456,[],[]
458,[],[]
459,[],[]
463,[],[]
465,[],[]
467,[107],['Taiwan Taoyuan International Airport']
468,[],[]
470,[108],['Chinese authorities']
471,[],[]
472,[],[]
473,[108],['tents and generators']
479,[109],['Xinhua']
480,[],[]
481,[],[]
482,[],[]
483,[],[]
486,[62],['almost 80% of buildings were destroyed']
487,[110],['concerts']
489,[],[]
492,[111],['$772 million']
494,[],[]
495,[],[]
496,[112],"['30,000']"
497,[112],"['US$143,000']"
498,[112],"['30,000 tents']"
499,[112],['The Amity Foundation']
503,[],[]
505,[],[]
506,[114],['The Giving of Love']
507,[117],['China Flying Dragon Special Aviation Company']
508,[],[]
509,[],[]
513,[],[]
515,[116],['34']
518,[116],['34']
519,[],[]
521,[],[]
522,[117],['Mount Tangjia']
523,[],[]
527,[],[]
529,[],[]
530,[119],['Ningbo during national morning']
532,[120],['Tiananmen Square']
533,[],[]
534,[],[]
538,[],[]
544,[122],['safety checks']
546,"[122, 123]","['Reuters', 'The New York Times']"
551,[],[]
555,[101],['statistical correlation']
556,[],[]
559,[],[]
560,[],[]
561,[],[]
562,[],[]
563,[],[]
565,[],[]
567,[],[]
569,[127],['$26 million']
570,[],[]
576,[],[]
577,[],[]
580,[],[]
581,[],[]
585,[],[]
588,[113],['child']
589,[],[]
592,[143],['Sun Open Storage']
593,[],[]
594,[],[]
596,"[144, 153]","['public testing', 'violating copyright laws']"
598,[],[]
600,[],[]
602,[],[]
603,[],[]
605,[137],['WABAC machine']
606,[],[]
609,[],[]
610,[],[]
612,[],[]
613,[138],['1996']
614,[139],['digital tape']
615,[],[]
618,[],[]
619,[],[]
621,[139],"['University of California, Berkeley']"
623,[],[]
624,[],[]
633,[],[]
634,[],[]
638,[],[]
639,[142],['Capricorn Technologies']
642,[],[]
643,[],[]
646,[],[]
647,[],[]
648,[],[]
649,[],[]
650,[],[]
653,[],[]
654,[],[]
655,[],[]
656,[144],['2011']
657,[],[]
659,[],[]
662,[146],['Save a Page']
663,[],[]
664,[],[]
668,[],[]
669,[],[]
670,[],[]
673,[148],['Netbula']
674,[],[]
675,[],[]
677,[],[]
678,[],[]
679,[149],['Magistrate Judge Howard Lloyd']
680,[],[]
683,[],[]
687,[],[]
689,[],[]
690,[],[]
694,[],[]
695,[152],['technical']
697,[],[]
699,[144],['public testing']
702,[],[]
704,[],[]
705,[],[]
706,[],[]
708,[],[]
712,[],[]
713,[],[]
719,[],[]
721,[],[]
723,[],[]
726,[],[]
727,[],[]
729,[],[]
730,[],[]
731,[],[]
736,[],[]
738,[],[]
741,[],[]
742,[],[]
743,[160],['2013–14']
744,[160],['2013–14']
745,[],[]
751,[],[]
752,[162],['four']
753,[161],['National Defence Act']
754,[],[]
755,[],[]
756,[],[]
757,[],[]
758,[163],['Queen Elizabeth II']
762,[],[]
766,[],[]
767,[],[]
769,[],[]
770,[],[]
771,[],[]
773,[],[]
775,[],[]
777,[],[]
778,[165],['Afghanistan']
788,[166],['six']
789,[],[]
790,[],[]
791,[],[]
793,[167],['diplomacy']
794,[],[]
796,[],[]
798,[],[]
800,[],[]
801,[],[]
804,[],[]
807,"[168, 171]","['the early 19th century', '1947']"
808,[],[]
809,[],[]
810,[],[]
811,[],[]
814,[169],['1906']
821,[],[]
824,[170],['Germany']
826,[],[]
828,[],[]
829,[171],['72']
833,[],[]
834,[171],['72']
835,[],[]
838,[],[]
840,[],[]
841,[],[]
846,[],[]
848,[],[]
849,[],[]
850,[174],['1 February 1968']
851,[],[]
852,[],[]
854,[],[]
855,[],[]
858,[174],['1 February 1968']
859,[],[]
860,[],[]
862,[],[]
864,[],[]
865,[],[]
867,[177],['$20.1 billion']
868,[],[]
869,[177],"['119,000']"
870,[],[]
873,[178],['Canada First Defence Strategy']
875,[],[]
878,[],[]
880,[],[]
881,[],[]
883,[],[]
884,[182],['submarines']
886,[182],['1989']
888,[],[]
889,[],[]
890,[],[]
892,[],[]
893,[],[]
895,[182],['100 percent']
898,[],[]
899,[182],['about 100 percent']
902,[],[]
904,[],[]
906,[],[]
907,[],[]
908,[],[]
909,[],[]
914,"[169, 186]","['British Crown-in-Council', 'The governor general']"
915,[],[]
916,[],[]
918,[],[]
920,[187],['27']
921,[],[]
925,[188],['33']
926,[188],['CFB Esquimalt']
927,[],[]
933,[],[]
935,[],[]
940,[],[]
944,[],[]
946,[],[]
947,[],[]
949,[],[]
951,"[165, 176]","['Afghanistan', 'United Nations International Security Assistance Force (ISAF)']"
956,[],[]
958,[],[]
962,[],[]
963,[],[]
964,[195],['October 2012']
967,[],[]
969,[],[]
971,[],[]
972,[],[]
973,[],[]
975,[],[]
976,[],[]
977,[],[]
978,[],[]
979,[],[]
980,[],[]
981,[],[]
982,[],[]
984,[],[]
986,[],[]
988,[],[]
992,[],[]
993,[],[]
998,[],[]
999,[],[]
1001,[203],['service dress']
1005,[203],['Only service dress']
1015,[],[]
1018,[],[]
1020,"[207, 211, 212]","['a church in Rome as his titular church', 'upright and competent shepherds', 'crown-cardinal']"
1025,[208],['Church of England']
1026,[],[]
1031,[],[]
1032,[],[]
1035,[209],"['“principal,” “eminent,” or ""superior']"
1037,[],[]
1041,[210],['747']
1042,[248],['Pope Paul VI']
1043,[217],['1630']
1044,[],[]
1045,[],[]
1048,[],[]
1050,[],[]
1051,[],[]
1052,[],[]
1055,[],[]
1060,[213],['Cardinal Wolsey']
1061,[213],['Cardinal Richelieu']
1062,[],[]
1065,[],[]
1067,[214],['eighty years']
1071,[214],['Pope Paul VI']
1073,[],[]
1074,[],[]
1077,[],[]
1082,[],[]
1083,"[245, 248]",['Pope Paul VI']
1086,[],[]
1087,[],[]
1088,[],[]
1091,[],[]
1092,[],[]
1093,[219],['1378']
1094,[],[]
1095,[],[]
1096,[233],['1899']
1097,[],[]
1099,[],[]
1100,[],[]
1101,"[221, 246]","['Cardinal bishops', 'Cardinal priests']"
1103,[221],['Cardinal bishops']
1104,[],[]
1107,[],[]
1111,[],[]
1113,[],[]
1115,[],[]
1116,[],[]
1117,[],[]
1118,[224],['1962']
1119,[],[]
1121,[],[]
1129,[228],['a galero']
1132,[],[]
1134,[],[]
1135,[],[]
1136,[229],['scarlet']
1137,[229],['scarlet']
1141,[],[]
1142,[],[]
1143,[],[]
1144,[],[]
1148,[],[]
1151,[],[]
1153,[],[]
1154,[],[]
1157,[],[]
1159,[],[]
1160,[234],['1962']
1162,[],[]
1165,[],[]
1166,[],[]
1168,[228],['1969']
1169,[],[]
1171,[],[]
1173,[],[]
1174,[],[]
1175,[],[]
1176,[],[]
1178,"[233, 247]","['lay cardinals"" and were permitted to marry', 'as the cardinal priests']"
1180,[],[]
1181,[],[]
1184,[],[]
1185,[240],['half']
1186,[],[]
1187,[],[]
1188,[],[]
1191,[],[]
1192,[],[]
1197,[243],['cardinal protopriest']
1198,[],[]
1199,[],[]
1201,[],[]
1206,"[235, 241]","['episcopal consecration', 'Cardinal deacons']"
1208,[242],['cardinal deacons']
1211,[246],['Cardinal priests']
1212,[],[]
1214,[],[]
1215,[],[]
1216,[],[]
1218,[],[]
1219,"[215, 248]",['a titular church']
1226,[],[]
1228,[],[]
1230,[250],['cardinal priests']
1231,[],[]
1232,[250],['the cardinal bishops']
1233,[251],['pope']
1235,"[227, 232]","[""a bishop's episcopal ring"", 'creati et reservati']"
1236,[],[]
1238,[],[]
1239,[],[]
1241,[],[]
1243,[],[]
1245,[],[]
1246,[],[]
1247,[],[]
1250,[],[]
1251,[],[]
1252,[],[]
1259,[],[]
1260,[],[]
1265,[],[]
1268,[258],['2013']
1271,[259],['average']
1272,[],[]
1275,"[261, 263, 266]","['lack of necessary data', 'the unavailability of certain crucial data', 'unavailability of certain crucial data']"
1277,[263],['2011']
1281,[],[]
1282,[],[]
1285,[],[]
1286,"[264, 281]","['November 4, 2010', '2 November 2011']"
1290,[],[]
1292,[],[]
1294,[266],['Cuba']
1298,[],[]
1299,[270],"['November 27, 2007']"
1304,[],[]
1305,[],[]
1306,[],[]
1307,[270],"['November 27, 2007']"
1308,[],[]
1309,[],[]
1310,[270],"['Brasília, Brazil']"
1311,[267],"['October 5, 2009']"
1312,[],[]
1313,[],[]
1314,[],[]
1316,[272],['Africa']
1317,[],[]
1318,[272],['119th and 121st']
1319,[272],"['Gabon and South Africa, are ranked 119th and 121st']"
1322,[],[]
1329,[],[]
1331,[275],['Norway']
1333,[],[]
1335,[],[]
1336,[],[]
1337,[],[]
1340,[],[]
1341,[277],['2010']
1342,[],[]
1346,[278],['169']
1347,[],[]
1348,[],[]
1350,[],[]
1353,[],[]
1357,[],[]
1358,[],[]
1360,[],[]
1361,[],[]
1362,[],[]
1363,[],[]
1369,[311],['squirreling']
1370,[],[]
1373,[],[]
1375,[],[]
1377,[],[]
1378,[],[]
1380,[],[]
1381,[307],['Jorge Luis Borges']
1382,[],[]
1390,[294],['ecumenical councils']
1392,[],[]
1400,[],[]
1401,[296],['Priscillian']
1402,[],[]
1405,[],[]
1406,[296],['six years']
1408,[296],['Ambrose of Milan and Pope Siricius']
1409,[],[]
1411,[],[]
1413,[],[]
1414,[],[]
1416,[],[]
1418,[],[]
1419,[],[]
1420,[],[]
1422,[],[]
1423,[],[]
1424,[],[]
1427,[],[]
1430,[296],['Priscillian']
1432,[],[]
1433,[],[]
1435,[],[]
1437,[],[]
1439,[],[]
1441,[],[]
1442,[],[]
1443,[],[]
1447,[],[]
1450,[],[]
1452,[],[]
1453,[],[]
1454,[],[]
1459,[],[]
1460,[],[]
1462,[307],['the Spanish inquisition']
1463,"[307, 309]","['Jorge Luis Borges', 'Salman Rushdie']"
1469,[309],['writings']
1472,[],[]
1477,[],[]
1478,[311],['Religious Technology Center']
1479,[312],['innovation']
1480,[],[]
1481,[312],['orthodoxy']
1485,[],[]
1488,[],[]
1489,[],[]
1490,[],[]
1491,[314],['Immanuel Velikovsky']
1493,[315],['an established orthodoxy']
1494,[],[]
1495,[],[]
1502,[],[]
1503,[],[]
1505,[],[]
1506,[],[]
1507,[],[]
1509,[],[]
1512,"[318, 335]",['Václav Havel']
1513,"[318, 335]",['Hungary']
1515,[],[]
1518,[],[]
1525,[],[]
1526,[],[]
1528,[],[]
1529,[],[]
1531,[],[]
1532,[],[]
1534,[],[]
1537,[],[]
1540,[],[]
1542,[325],['1954']
1544,[],[]
1546,[],[]
1549,[],[]
1555,"[324, 328]","['1954', '14 May 1955']"
1558,[],[]
1560,[],[]
1563,[330],['eight']
1564,[],[]
1566,[],[]
1567,[],[]
1569,[],[]
1572,[],[]
1573,[],[]
1580,[333],['Soviet troops']
1581,[333],['Soviet']
1585,[334],['1968']
1588,[],[]
1592,[317],['1989']
1593,[],[]
1594,[],[]
1595,[336],['Slovakia']
1596,[],[]
1599,[],[]
1601,[],[]
1602,[],[]
1604,[338],['Molotov']
1605,[342],['Idealism']
1608,[],[]
1610,[368],"['Scientific ""Materialism']"
1611,[],[]
1614,[],[]
1616,[],[]
1618,[],[]
1620,[],[]
1621,[],[]
1623,[],[]
1624,[],[]
1626,[],[]
1627,[],[]
1630,[],[]
1632,[],[]
1634,[],[]
1635,[],[]
1636,[],[]
1637,[],[]
1639,[346],['600 BC']
1641,[],[]
1642,[],[]
1643,[],[]
1647,[],[]
1648,[],[]
1649,[],[]
1650,[],[]
1652,[],[]
1656,[],[]
1657,[349],['Tattvopaplavasimha']
1658,[349],['6th century']
1662,[],[]
1665,[],[]
1666,[],[]
1670,[],[]
1671,[],[]
1675,[],[]
1676,[353],['1841']
1679,[],[]
1683,[],[]
1685,[],[]
1687,[],[]
1690,[346],['Buddhist atomism and the Jaina school']
1693,[365],['matter']
1694,[],[]
1697,[],[]
1698,[],[]
1699,[],[]
1702,[],[]
1704,[],[]
1708,"[349, 352]","['Jayaraashi Bhatta', 'Arthur Schopenhauer']"
1709,[],[]
1710,[],[]
1712,[],[]
1716,[],[]
1717,[362],['Joseph Smith']
1720,[],[]
1721,[],[]
1722,[],[]
1725,[],[]
1726,[],[]
1728,[],[]
1731,[366],['elusive and poorly defined']
1733,[],[]
1738,[],[]
1739,[],[]
1740,[],[]
1743,[],[]
1748,[],[]
1749,[],[]
1757,[],[]
1758,[431],['pool']
1761,[],[]
1762,[377],['5th Century']
1763,[377],['tabernae']
1764,[],[]
1767,[],[]
1768,[378],['pilgrimages and travel']
1770,[],[]
1771,[],[]
1772,[435],['South East England']
1773,[380],['The George']
1775,[],[]
1779,[],[]
1785,[],[]
1792,[386],['London']
1794,[],[]
1798,[],[]
1801,[],[]
1802,[],[]
1803,[390],['full pubs']
1806,[391],['The Red Lion']
1807,[],[]
1808,[392],['ale']
1809,[],[]
1811,[],[]
1813,[],[]
1814,[395],['London Metropolitan Archives centre']
1817,[395],['London Metropolitan Archives centre']
1818,[],[]
1819,[],[]
1820,[],[]
1821,[],[]
1822,[],[]
1826,[399],"['207,800']"
1827,[],[]
1828,[],[]
1831,[401],['April 2007']
1833,[],[]
1835,[402],['Balls Pond Road']
1837,[],[]
1838,[],[]
1840,[],[]
1843,[],[]
1844,[],[]
1852,[409],['Isambard Kingdom Brunel']
1853,[409],['Swindon station pub']
1854,[],[]
1857,[],[]
1861,[],[]
1864,[],[]
1866,[],[]
1869,[],[]
1879,[],[]
1880,[419],['over the last thirty or so years']
1888,[422],['John Shakespeare']
1889,[],[]
1892,[],[]
1894,[],[]
1896,[425],['Sussex']
1898,[426],['the name of the pub']
1900,[427],"['comic theme thought to be memorable, Slug and Lettuce']"
1901,[419],['a rural public house']
1902,[],[]
1903,[],[]
1906,[],[]
1907,[],[]
1908,[],[]
1909,[],[]
1912,[431],"[""Nine Men's Morris""]"
1914,[],[]
1916,[],[]
1921,[434],['1970s']
1927,[436],['late 1960s']
1928,[],[]
1932,[438],['Mike Belben']
1933,[],[]
1935,[],[]
1937,[],[]
1941,[],[]
1943,[],[]
1944,"[440, 442]","['village of Inverie, Lochaber, Scotland', 'Holywell']"
1947,[443],['1240']
1948,[443],['1631']
1951,"[440, 444]","['Tan Hill Inn, Yorkshire', 'Stalybridge']"
1954,[],[]
1955,[],[]
1956,[],[]
1958,[],[]
1961,[448],['Charles Dickens']
1966,[450],['Parliament Square']
1967,[],[]
1969,[],[]
1971,[],[]
1977,[],[]
1979,[],[]
1988,[455],"['20,000']"
1989,[],[]
1993,[457],['tavern']
1994,[],[]
1996,[],[]
1999,[],[]
2000,[],[]
2008,[],[]
2010,[460],['Sir Tim Berners-Lee']
2011,[460],['the World Wide Web Consortium']
2013,[],[]
2014,[460],['Nexus']
2016,[],[]
2017,[],[]
2018,[461],['Mosaic']
2022,[461],['1994']
2024,[],[]
2029,[],[]
2030,[],[]
2036,[],[]
2037,[],[]
2038,[],[]
2039,[464],['Mozilla Foundation']
2044,[465],['January 2003']
2045,[],[]
2046,[],[]
2050,[462],['1995']
2051,[],[]
2052,[],[]
2053,[],[]
2054,[],[]
2056,[],[]
2057,[],[]
2060,[],[]
2061,[],[]
2062,[468],['product innovation']
2063,[],[]
2066,[],[]
2071,[470],['to make their engine default']
2073,[],[]
2075,[],[]
2077,[],[]
2080,[],[]
2081,[458],['Uniform Resource Identifier']
2082,[],[]
2084,[],[]
2085,[],[]
2087,[],[]
2088,[],[]
2089,[],[]
2091,[],[]
2093,[],[]
2097,[],[]
2103,[],[]
2104,[],[]
2106,[],[]
2108,[],[]
2111,[],[]
2112,[],[]
2113,[],[]
2115,[],[]
2116,[],[]
2119,[],[]
2121,[],[]
2125,[],[]
2128,[],[]
2129,[],[]
2131,[],[]
2134,[],[]
2136,[],[]
2139,[],[]
2140,[],[]
2141,[482],['Alghero']
2143,[],[]
2144,[],[]
2150,[],[]
2153,[],[]
2156,[],[]
2157,[],[]
2158,[],[]
2159,[],[]
2160,[],[]
2164,[],[]
2165,[490],['Catelaner']
2173,[492],['9th century']
2179,[],[]
2180,[],[]
2182,[],[]
2183,[495],['15th century']
2186,[],[]
2187,[],[]
2190,[],[]
2193,[484],['Northern Catalonia']
2194,[],[]
2196,[],[]
2197,[],[]
2198,[],[]
2200,[500],['patuet']
2201,[],[]
2202,[],[]
2203,[501],['French']
2205,[],[]
2206,[],[]
2208,[],[]
2209,[],[]
2215,[],[]
2219,[],[]
2221,[506],['60 or older']
2223,[],[]
2224,[],[]
2227,[],[]
2228,[],[]
2230,[],[]
2231,[],[]
2232,[],[]
2233,[],[]
2235,"[487, 510]",['Iberian Peninsula']
2241,[],[]
2245,[],[]
2246,[515],['Spanish']
2247,[],[]
2248,[516],['two large linguistic blocks (Ibero-Romance and Gallo-Romance']
2252,[],[]
2264,[],[]
2266,[],[]
2268,[],[]
2271,[],[]
2272,[486],['pronunciation']
2273,[],[]
2275,[],[]
2278,[],[]
2280,[],[]
2283,[],[]
2284,[523],['Alguerese dialect']
2287,[529],['Western Catalan']
2289,[528],['Western Catalan']
2290,[],[]
2295,[],[]
2299,[],[]
2301,[],[]
2303,[],[]
2305,[],[]
2307,[],[]
2308,[],[]
2310,[],[]
2311,[],[]
2314,[],[]
2316,[538],['Catalan']
2317,[],[]
2319,[],[]
2320,[],[]
2321,[539],['90% to 95%']
2322,[508],['Ramón Menéndez Pidal']
2328,[],[]
2330,"[510, 524]","['Ibero-Romance', 'Eastern Catalan, and Western Catalan']"
2331,[],[]
2333,[],[]
2338,[],[]
2339,[],[]
2340,[548],['French']
2344,[],[]
2347,[],[]
2349,[],[]
2351,[],[]
2354,[552],['el meu']
2356,[],[]
2357,[],[]
2360,[],[]
2361,[],[]
2362,[],[]
2363,[555],['French or Spanish']
2364,[],[]
2365,[],[]
2366,[556],['morphological alternations']
2367,[557],['Western Romance']
2369,[],[]
2370,[],[]
2371,[],[]
2372,[],[]
2373,[559],['Catalan']
2375,[],[]
2376,[560],['Paper']
2378,[],[]
2380,[561],['early 2nd century AD']
2384,[561],['China']
2387,[],[]
2388,[],[]
2391,[],[]
2393,"[562, 563]","['2nd century BC', '13th']"
2394,[],[]
2395,[],[]
2396,[562],['paper']
2397,[],[]
2399,[],[]
2400,[],[]
2401,[],[]
2403,[],[]
2404,[563],['industrial manufacture']
2405,[],[]
2406,[],[]
2407,[],[]
2412,[564],['Latin']
2414,[],[]
2421,[],[]
2422,[565],['wood-free papers']
2424,[],[]
2425,[],[]
2429,[],[]
2431,[],[]
2436,[],[]
2439,[],[]
2442,[567],['groundwood pulp']
2443,[567],['weak']
2444,[],[]
2446,[567],['debarked logs']
2447,[],[]
2449,[],[]
2450,[],[]
2452,[],[]
2456,[],[]
2459,[],[]
2460,[569],['to establish the correct level of surface absorbency to suit ink or paint']
2464,[],[]
2465,[],[]
2469,[],[]
2472,[],[]
2474,[],[]
2475,[],[]
2477,[],[]
2482,[572],['calcium carbonate or china clay']
2486,[],[]
2487,[],[]
2488,[573],['long-grain']
2489,[],[]
2494,[],[]
2496,[],[]
2498,[],[]
2499,[574],['watermarks and wire patterns']
2501,[],[]
2507,[],[]
2508,[],[]
2510,[],[]
2511,[],[]
2512,[],[]
2514,[],[]
2515,[576],['caliper']
2518,[],[]
2520,[577],['Paper']
2522,[],[]
2523,[],[]
2524,[],[]
2531,[],[]
2532,[579],['length and width of a sheet of paper']
2536,[],[]
2537,[],[]
2539,[],[]
2540,[],[]
2546,[],[]
2547,[],[]
2548,[],[]
2551,[],[]
2554,[581],['about 800 kg/m3']
2557,[],[]
2564,[],[]
2565,[],[]
2566,[],[]
2567,[],[]
2570,[],[]
2572,[],[]
2574,[584],['Library of Congress']
2575,[],[]
2576,[584],['manufacture']
2577,[],[]
2583,[585],['mechanical pulps']
2584,[],[]
2585,[],[]
2588,[],[]
2594,[],[]
2595,[587],['16 billion']
2598,[587],['31']
2599,[587],['16 billion']
2601,[],[]
2603,[],[]
2604,[588],['Stockholm Convention on Persistent Organic Pollutants']
2605,[],[]
2606,[],[]
2607,[588],['Stockholm Convention on Persistent Organic Pollutants']
2608,[],[]
2613,[],[]
2614,[],[]
2615,[],[]
2618,[],[]
2620,[],[]
2621,[],[]
2623,[590],['zein']
2627,[],[]
2630,[],[]
2633,"[597, 600, 602, 603]","['easy listening format', 'rock and roll', 'Hard rock', 'rock']"
2634,"[596, 615, 636]","['Christian AC', 'hot', 'rhythmic oldies format']"
2635,"[600, 623, 626, 627]","['big band', 'indie rock', 'AC', 'soft rock']"
2638,[],[]
2639,[],[]
2641,[637],['quiet storm']
2642,[],[]
2643,[],[]
2646,[597],['Brook Benton']
2649,[599],['Vinton']
2650,[599],['As rock music continued to harden']
2651,"[600, 604, 613]","['mid-1950s', '1970s', '1990s']"
2655,[],[]
2657,[],[]
2659,[],[]
2660,[],[]
2661,[],[]
2664,[],[]
2665,[],[]
2667,[],[]
2676,[],[]
2679,[],[]
2681,[],[]
2682,[611],['1983']
2683,[],[]
2685,[612],['All My Life']
2687,[],[]
2688,[],[]
2689,[],[]
2690,[614],['Savage Garden']
2691,[],[]
2692,[615],['Adult Top 40']
2693,[],[]
2695,[616],['Barry Mayo']
2701,[],[]
2703,[619],['senior vice president for adult music for RCA Music Group']
2704,[],[]
2708,[],[]
2711,[],[]
2712,[],[]
2714,[],[]
2715,[],[]
2719,"[618, 625, 629, 638]","['smooth jazz', 'easy listening', 'adult', 'smooth jazz']"
2720,"[613, 625]","['early 1990s', 'late 2000s/early 2010s']"
2722,[],[]
2723,[],[]
2725,[],[]
2727,[],[]
2729,"[629, 632]","['soft AC format', 'Hot AC']"
2730,[629],['adult standards']
2731,[],[]
2733,[597],['rock and roll']
2736,"[617, 635]","['disco', 'soft AC']"
2742,[],[]
2744,[],[]
2745,[634],['black']
2748,[],[]
2749,"[635, 636]","['soft AC rather than hot AC', 'rhythmic oldies']"
2752,[632],['both men and women']
2753,"[596, 617]","['Christian AC', 'rhythmic AC']"
2755,"[596, 635]","['rhythmic AC"", and ""Christian AC', 'soft AC']"
2756,[638],['weekends']
2757,[],[]
2758,[638],['smooth jazz']
2760,[],[]
2762,[],[]
2763,[],[]
2765,[640],['ballads']
2767,"[618, 638]","['smooth jazz', 'Smooth Jazz']"
2768,[637],['quiet storm']
2770,[],[]
2772,[],[]
2773,[],[]
2775,[663],['Nanjing']
2776,[],[]
2777,[],[]
2778,[],[]
2779,[],[]
2780,[],[]
2781,"[648, 650, 663]",['Nanjing']
2782,[],[]
2783,[647],['495 BC']
2784,[658],['Over two centuries']
2785,[],[]
2786,"[648, 652]","['229 AD', 'Southern Tang (937–976)']"
2787,[648],['Sun Quan']
2788,[],[]
2789,"[644, 648]","['1949', '211 AD']"
2790,[],[]
2791,[],[]
2792,"[654, 664, 675]","['487,000', 'between 300,000 and 350,000', '8.11 million']"
2793,[],[]
2794,[],[]
2795,[],[]
2796,[],[]
2797,[],[]
2798,"[653, 654]","['1368', '1421']"
2799,"[648, 652]","['Western Jin dynasty', 'the Song dynasty']"
2800,[652],['Da Chu']
2801,[],[]
2802,"[653, 654]","['Zhu Yuanzhang', 'the Yongle Emperor']"
2803,[],[]
2804,[],[]
2805,[],[]
2806,[653],"['200,000']"
2807,"[648, 653, 654]","['229 AD', '1368', '1421']"
2808,[],[]
2809,[],[]
2810,[],[]
2811,[],[]
2812,[],[]
2813,[657],['Borneo']
2814,[],[]
2815,[658],['Zhu Yousong']
2816,[658],['June 1644']
2817,[],[]
2818,[],[]
2819,[659],['shave their heads']
2820,[],[]
2821,"[649, 660]","['Jiankang', 'Jiangning']"
2822,[660],['the Kangxi and Qianlong']
2823,[],[]
2824,[661],['the Qing viceroy and the Taiping king']
2825,[664],['December']
2826,[661],['Zeng Guofan']
2827,[662],['January 1912']
2828,"[648, 654, 672]","['Sun Quan', 'the third emperor of the Ming dynasty, the Yongle Emperor,', 'Sun Quan']"
2829,[],[]
2830,[663],['Chiang Kai-shek']
2831,[],[]
2832,[663],['1927']
2833,[664],['1985']
2834,[],[]
2835,[],[]
2836,"[661, 665]","['Zeng Guofan', 'Wang Jingwei']"
2837,[665],['1946']
2838,"[652, 674, 700, 705]","['Shengzhou', ""People's Government of Nanjing City"", 'Nanjing Fuzimiao', 'Nanjing Olympic Sports Center']"
2839,[],[]
2840,[],[]
2841,[666],['October 1949']
2842,[],[]
2843,"[660, 682]","['Jiangning', 'water and air']"
2844,[668],['Yangzhou']
2845,[],[]
2846,[],[]
2847,[],[]
2848,[],[]
2849,[],[]
2850,[672],['beautiful']
2851,[],[]
2852,[],[]
2853,[],[]
2854,[],[]
2855,[671],['40']
2856,[],[]
2857,[671],['strontium']
2858,[],[]
2859,[671],['Tangshan Hot Spring']
2860,[672],['Xuanwu Lake and Mochou Lake']
2861,"[648, 672]","['Jianye', ""Liu Bei's suggestion as Liu Bei""]"
2862,[],[]
2863,[],[]
2864,[],[]
2865,[673],"['five straight days and ""heavily polluted"" for nine']"
2866,[],[]
2867,[],[]
2868,[],[]
2869,[675],['8.005 million']
2870,[675],['8.11 million']
2871,[],[]
2872,[676],['Manchu']
2873,[],[]
2874,[],[]
2875,[],[]
2876,[],[]
2877,[677],['Qing dynasty']
2878,[],[]
2879,[],[]
2880,[],[]
2881,[],[]
2882,[678],['One third']
2883,[],[]
2884,[],[]
2885,"[648, 678, 680, 681, 682]","['Jinling Yi', 'food and entertainment', 'Service', 'city construction', 'public transportation']"
2886,[680],['60 percent']
2887,[],[]
2888,[],[]
2889,[681],['RMB 801 billion']
2890,[],[]
2891,[681],['12th']
2892,[682],['public transportation']
2893,[682],['two']
2894,[683],['eastern']
2895,[],[]
2896,[684],['Nanjing South Railway Station']
2897,[],[]
2898,[],[]
2899,[684],['1968']
2900,[684],['1968']
2901,[673],"['1,200']"
2902,"[669, 685]","['Yangtze River', 'Zhongshan Road and Hanzhong']"
2903,[685],['Xinjiekou']
2904,[],[]
2905,[],[]
2906,[],[]
2907,[686],['16']
2908,[],[]
2909,[],[]
2910,[687],['85']
2911,[687],"['15,011,792']"
2912,[],[]
2913,[],[]
2914,[688],['Port of Nanjing']
2915,[],[]
2916,[689],['1960s']
2917,[],[]
2918,[],[]
2919,[],[]
2920,[690],['four']
2921,[690],['Tang and Song dynasties']
2922,[],[]
2923,[],[]
2924,[],[]
2925,[692],['Nanjing']
2926,[],[]
2927,[],[]
2928,[693],['Jiangsu Province Kun Opera']
2929,[],[]
2930,[],[]
2931,[],[]
2932,[694],['Jiangsu Art Gallery']
2933,[],[]
2934,[],[]
2935,[695],['January 16']
2936,[],[]
2937,[695],"['bathing in Qing Xi on March 3, hill hiking']"
2938,[695],['Chinese lunar calendar)']
2939,[],[]
2940,[],[]
2941,[],[]
2942,[],[]
2943,[697],['1907']
2944,[],[]
2945,[],[]
2946,[698],['Nanjing']
2947,[698],['Nanjing Museum']
2948,[698],['Ming and Qing imperial porcelain']
2949,[],[]
2950,[699],"['convention halls, cinemas']"
2951,[],[]
2952,[699],['theatre/film']
2953,[],[]
2954,[],[]
2955,[],[]
2956,[],[]
2957,"[660, 700]","['Jiangning', 'Confucius Temple']"
2958,[701],['along Shanghai road and its neighbourhood']
2959,[701],['international residents']
2960,[],[]
2961,[],[]
2962,[649],['Jiankang']
2963,[],[]
2964,[],[]
2965,[],[]
2966,[],[]
2967,[],[]
2968,[],[]
2969,[],[]
2970,[],[]
2971,[],[]
2972,[],[]
2973,[705],"['13,000, and natatorium of capacity 3,000']"
2974,[705],"['3,000']"
2975,[706],['28']
2976,[706],['encourage sports participation.']
2977,[],[]
2978,[708],['tourists']
2979,[],[]
2980,[709],['third']
2981,"[710, 721, 747]","['Latin', 'German', 'Surzhyk']"
2982,[],[]
2983,[710],['discourse']
2984,[],[]
2985,[],[]
2986,[],[]
2987,[742],['Arabic']
2988,[715],['nonstandard']
2989,[],[]
2990,[747],['Surzhyk']
2991,[711],['sociolect']
2992,[719],['dialect']
2993,[],[]
2994,[735],['literary language']
2995,[],[]
2996,[],[]
2997,[],[]
2998,[],[]
2999,[736],['radio and television']
3000,[],[]
3001,[],[]
3002,[],[]
3003,[],[]
3004,[],[]
3005,[],[]
3006,[713],['pronunciation']
3007,[],[]
3008,[],[]
3009,[],[]
3010,[],[]
3011,[],[]
3012,[],[]
3013,[],[]
3014,[],[]
3015,[],[]
3016,[],[]
3017,[],[]
3018,[],[]
3019,[715],['institutional']
3020,[715],['The Dialect Test']
3021,[],[]
3022,[],[]
3023,[],[]
3024,[716],['in the Caribbean coast of Costa Rica']
3025,[],[]
3026,[],[]
3027,[],[]
3028,[],[]
3029,[],[]
3030,[],[]
3031,[],[]
3032,[],[]
3033,"[727, 747]","['the regional varieties of modern standard German', 'Surzhyk']"
3034,[],[]
3035,[],[]
3036,[],[]
3037,[],[]
3038,[],[]
3039,[],[]
3040,[],[]
3041,[720],['Heinz Kloss']
3042,[],[]
3043,[720],['1967']
3044,[],[]
3045,[],[]
3046,[],[]
3047,[],[]
3048,[],[]
3049,[],[]
3050,[],[]
3051,[722],['languoid']
3052,[],[]
3053,[],[]
3054,[],[]
3055,[723],['low social status']
3056,[],[]
3057,[],[]
3058,[724],['Lombardic']
3059,[],[]
3060,[],[]
3061,[724],['Mandarin and Cantonese']
3062,[],[]
3063,[725],"['great political controversy, or even armed conflict']"
3064,[],[]
3065,"[725, 740]","['armed conflict', 'the verdicts inconsistent']"
3066,[],[]
3067,[],[]
3068,[],[]
3069,[],[]
3070,[726],['Yiddish']
3071,[],[]
3072,[],[]
3073,[],[]
3074,[726],['a dialect with an army and navy']
3075,[],[]
3076,[],[]
3077,[],[]
3078,[727],['German']
3079,[],[]
3080,[],[]
3081,[728],['Germanic tribes']
3082,[],[]
3083,[],[]
3084,[729],['Northern Germany']
3085,[],[]
3086,[],[]
3087,[],[]
3088,[],[]
3089,[],[]
3090,[],[]
3091,[],[]
3092,[],[]
3093,[],[]
3094,[],[]
3095,[],[]
3096,[737],['standard Italian rather than separate languages']
3097,[739],['Tuscan']
3098,[],[]
3099,[],[]
3100,[],[]
3101,[],[]
3102,[732],['dialects']
3103,[],[]
3104,[],[]
3105,[],[]
3106,[],[]
3107,[],[]
3108,[],[]
3109,[],[]
3110,"[712, 732]",['Vulgar Latin']
3111,[734],['Latin']
3112,[],[]
3113,[734],['at least the 12th century']
3114,[734],['at least the 12th century']
3115,[735],['Alessandro Manzoni']
3116,[735],['Risorgimento']
3117,[735],['1860s']
3118,[735],['2.5%']
3119,[],[]
3120,[],[]
3121,[],[]
3122,[],[]
3123,[],[]
3124,[],[]
3125,[],[]
3126,[],[]
3127,[],[]
3128,[],[]
3129,[737],['standard Italian']
3130,[],[]
3131,[],[]
3132,[734],['Florentine-Tuscan']
3133,[738],['Latin-based Romance languages']
3134,[],[]
3135,[],[]
3136,"[738, 739]","['Latin', 'Italo-Dalmatian']"
3137,[739],['Logudorese']
3138,[],[]
3139,[],[]
3140,[739],['Sardinia']
3141,[],[]
3142,[739],['Logudorese']
3143,[739],['Sardinia']
3144,[],[]
3145,[],[]
3146,[],[]
3147,[],[]
3148,[],[]
3149,[],[]
3150,[],[]
3151,[],[]
3152,[740],['Croatian']
3153,[],[]
3154,[741],['Bulgarian']
3155,[],[]
3156,[741],['1944']
3157,[741],['1944']
3158,[],[]
3159,[],[]
3160,[742],['Lebanese Arabic']
3161,[742],['Latin script']
3162,[],[]
3163,[],[]
3164,[742],['Latin']
3165,[743],['Literary Arabic']
3166,[],[]
3167,[],[]
3168,[],[]
3169,[],[]
3170,[],[]
3171,[],[]
3172,[],[]
3173,[744],['Polish-Lithuanian Commonwealth']
3174,[],[]
3175,[],[]
3176,[],[]
3177,[745],['German Empire']
3178,[745],['the Entente']
3179,[],[]
3180,[744],['Polish-Lithuanian Commonwealth']
3181,[],[]
3182,[],[]
3183,[746],['independence']
3184,[],[]
3185,[746],['After World War II']
3186,[],[]
3187,[745],['Ukrainian Bolsheviks']
3188,[],[]
3189,[],[]
3190,[],[]
3191,[748],['2003']
3192,[748],['Romanian expansionism']
3193,[748],['Ion Bărbuţă']
3194,[748],['1996']
3195,[],[]
3196,[748],['2003']
3197,[],[]
3198,[],[]
3199,[],[]
3200,[],[]
3201,[749],['Cantonese']
3202,[],[]
3203,[],[]
3204,[],[]
3205,[],[]
3206,[],[]
3207,[],[]
3208,[],[]
3209,[],[]
3210,[],[]
3211,[],[]
3212,[],[]
3213,[],[]
3214,[],[]
3215,[],[]
3216,[],[]
3217,[],[]
3218,[751],['Italian and French']
3219,[752],"['avere"" and ""essere']"
3220,[],[]
3221,[],[]
3222,[],[]
3223,[752],['Italian and Spanish']
3224,[752],['essere']
3225,[],[]
3226,[753],['the International Auxiliary Language Association']
3227,[],[]
3228,[],[]
3229,[],[]
3230,[],[]
3231,[],[]
3232,"[754, 829]","['253,651', '40,000']"
3233,[],[]
3234,"[754, 778]",['Hampshire']
3235,[755],['WestQuay']
3236,[],[]
3237,[],[]
3238,[],[]
3239,[],[]
3240,[795],"['236,900']"
3241,[756],['South Hampshire']
3242,[],[]
3243,[757],['stone age']
3244,[],[]
3245,[],[]
3246,[],[]
3247,[],[]
3248,[759],['Viking']
3249,[],[]
3250,[759],['the 10th century']
3251,[759],['medieval Southampton']
3252,[760],['Normandy']
3253,[760],['12th']
3254,[],[]
3255,[761],['12th']
3256,[761],['1348']
3257,[],[]
3258,[762],['1339']
3259,[],[]
3260,"[763, 807]","[""God's House Tower""]"
3261,[807],['Southampton Maritime Museum']
3262,[],[]
3263,"[762, 763]","['1175—culminated in the completion of the western walls in 1380', '15th century']"
3264,[],[]
3265,[764],['1233']
3266,[],[]
3267,[],[]
3268,[],[]
3269,[],[]
3270,[],[]
3271,[],[]
3272,[765],['Conduit House']
3273,[],[]
3274,[766],['1642']
3275,[766],"['Redbridge, Southampton']"
3276,[766],['March 1644']
3277,[],[]
3278,[],[]
3279,[],[]
3280,[768],['Battle of Agincourt']
3281,[],[]
3282,[],[]
3283,[768],['Bargate']
3284,[],[]
3285,[],[]
3286,[],[]
3287,[769],['1944']
3288,[770],['1740']
3289,[770],['1760s']
3290,[],[]
3291,[],[]
3292,[771],['Victorian era']
3293,"[771, 787]","['1835', '1830s']"
3294,[771],['October']
3295,[],[]
3296,[772],['John Choules']
3297,[],[]
3298,[],[]
3299,[773],['Mayflower']
3300,[],[]
3301,[774],['Portswood']
3302,[],[]
3303,[],[]
3304,[775],['630']
3305,[775],"['2,000']"
3306,[776],['Georgian']
3307,[],[]
3308,[],[]
3309,[776],['Bargate']
3310,[777],['University of Southampton']
3311,[],[]
3312,"[777, 830]",['1952']
3313,[],[]
3314,[778],['1959']
3315,[778],['County of Southampton or Southamptonshire']
3316,[],[]
3317,[],[]
3318,[],[]
3319,[],[]
3320,[779],['29 June 1199']
3321,[],[]
3322,[830],['1952']
3323,[],[]
3324,[778],['Hampshire County Council']
3325,[],[]
3326,[],[]
3327,[],[]
3328,[],[]
3329,[782],['early May']
3330,[],[]
3331,[],[]
3332,[783],['Royston Smith']
3333,[],[]
3334,[],[]
3335,[784],['16']
3336,[784],['Linda Norris']
3337,[784],['Catherine McEwing']
3338,[],[]
3339,[],[]
3340,[785],['Le Havre']
3341,[],[]
3342,[],[]
3343,[785],['1978']
3344,[785],['Germany']
3345,[786],['Test and Itchen']
3346,[],[]
3347,[],[]
3348,[],[]
3349,[],[]
3350,[],[]
3351,[788],['two']
3352,[],[]
3353,[788],['Southampton Water']
3354,[],[]
3355,[],[]
3356,[],[]
3357,[],[]
3358,[789],['M27']
3359,[789],['Mansbridge']
3360,[],[]
3361,[755],['WestQuay']
3362,[790],['148']
3363,[],[]
3364,[],[]
3365,[],[]
3366,[791],['96th']
3367,[],[]
3368,[792],['35.6 °C (96.1 °F) since 1976']
3369,[792],['1976']
3370,[],[]
3371,[],[]
3372,[],[]
3373,[],[]
3374,[],[]
3375,[],[]
3376,[794],['92.4 per cent']
3377,[],[]
3378,[],[]
3379,[795],"['20,000']"
3380,[],[]
3381,[796],['20–24']
3382,[],[]
3383,[],[]
3384,[],[]
3385,[],[]
3386,[797],['Hampshire County Council']
3387,[],[]
3388,[798],"['120,305']"
3389,[798],"['120,305 jobs in Southampton, and 3,570']"
3390,[],[]
3391,[],[]
3392,[799],['wholesale and retail']
3393,[800],"['£22,267']"
3394,[],[]
3395,[],[]
3396,[801],['2009']
3397,[801],['Marine Accident Investigation Branch']
3398,[802],['20th century']
3399,[],[]
3400,[],[]
3401,[],[]
3402,[],[]
3403,[803],['palliative']
3404,[803],['Moorgreen Hospital']
3405,[],[]
3406,[804],['WestQuay Shopping Centre']
3407,[804],['13th']
3408,[804],['Watermark Westquay']
3409,[],[]
3410,[],[]
3411,[],[]
3412,[805],['23']
3413,[805],['Ocean Village']
3414,[805],['strong economy']
3415,[],[]
3416,[],[]
3417,[],[]
3418,[807],"[""God's House Tower""]"
3419,[],[]
3420,[807],['£28 million']
3421,[807],['National Lottery']
3422,[808],['September']
3423,[808],['1968']
3424,[809],['Mayflower Theatre']
3425,[809],"['2,300']"
3426,[],[]
3427,[],[]
3428,[810],['Art Vaults']
3429,[811],['Gaumont Theatre']
3430,[],[]
3431,[],[]
3432,[812],['Junk']
3433,[],[]
3434,[],[]
3435,[],[]
3436,[813],['Howard Jones']
3437,[],[]
3438,[],[]
3439,[],[]
3440,[],[]
3441,[],[]
3442,[815],['2']
3443,[],[]
3444,[],[]
3445,[817],['The Saints']
3446,[],[]
3447,[817],['1966']
3448,[],[]
3449,[],[]
3450,[],[]
3451,[],[]
3452,[],[]
3453,[819],['West End']
3454,[819],['Southampton Evening Cricket League']
3455,[],[]
3456,[820],['7']
3457,[],[]
3458,[],[]
3459,[821],['London South West 2 division']
3460,[],[]
3461,[821],['centre']
3462,[],[]
3463,[],[]
3464,[822],['Ocean Village']
3465,[823],['Southampton Sports Centre']
3466,[823],['11']
3467,[823],['Park Wood Leisure']
3468,[824],"[""Men's Fitness""]"
3469,[],[]
3470,[],[]
3471,[824],['Banister Court Stadium']
3472,[],[]
3473,"[819, 825]","['the County Cricket Ground and the Antelope Ground', 'the Wide Lane Sports Facility']"
3474,[825],['Eastleigh']
3475,[826],['Hampshire Constabulary']
3476,[],[]
3477,[],[]
3478,[],[]
3479,[],[]
3480,[827],['three']
3481,"[815, 827]","['Awaaz FM', ""St Mary's""]"
3482,[],[]
3483,[],[]
3484,[],[]
3485,[800],"['£1,700']"
3486,[],[]
3487,[830],['1862']
3488,[830],['1952']
3489,[830],['National Oceanography Centre']
3490,[],[]
3491,"[829, 831]","['over 40,000', '17,000']"
3492,[831],['off-shore oil']
3493,[],[]
3494,[],[]
3495,[],[]
3496,[],[]
3497,[],[]
3498,[],[]
3499,[833],['verbal bullying']
3500,[],[]
3501,[],[]
3502,[834],['three']
3503,[],[]
3504,[835],['M27 motorway']
3505,[],[]
3506,[],[]
3507,[],[]
3508,[],[]
3509,[],[]
3510,[],[]
3511,[],[]
3512,[836],['1840']
3513,[],[]
3514,[826],['Hampshire Constabulary']
3515,[837],['Hampshire County Council']
3516,[],[]
3517,[],[]
3518,[838],"['Didcot, Newbury and Southampton Railway']"
3519,[838],['embankment']
3520,[],[]
3521,[],[]
3522,[],[]
3523,[],[]
3524,[],[]
3525,[],[]
3526,[],[]
3527,[841],['Royal Princess']
3528,[842],['Arrival of the Three Queens']
3529,[],[]
3530,[843],['175th']
3531,[843],['seven']
3532,[],[]
3533,[],[]
3534,[844],['three']
3535,[844],['Town Quay']
3536,[],[]
3537,[],[]
3538,[845],['1960s']
3539,[845],['1996']
3540,[],[]
3541,[],[]
3542,[],[]
3543,[],[]
3544,[],[]
3545,[],[]
3546,[],[]
3547,[847],['Wilts & Dorset']
3548,[],[]
3549,[],[]
3550,"[852, 858, 864, 876]","['1785', '1890–1911', '1966', '2010']"
3551,[852],['The Daily Universal Register']
3552,[852],['1 January 1785']
3553,"[848, 852, 858]","['1785', '1890–1911']"
3554,[849],['1838']
3555,[],[]
3556,"[850, 886]","['Times Roman', 'Times New Roman']"
3557,[852],['John Walter']
3558,[],[]
3559,[850],['219 years']
3560,[],[]
3561,[],[]
3562,[888],['Labour']
3563,[],[]
3564,[],[]
3565,[],[]
3566,[852],['John Walter']
3567,[],[]
3568,"[852, 859]","['1 January 1785', '8 May 1920']"
3569,[],[]
3570,[853],['steam-driven cylinder press']
3571,[853],"['politics, science, literature, and the arts']"
3572,[853],['Friedrich Koenig']
3573,[],[]
3574,[],[]
3575,[],[]
3576,[854],['John Thadeus Delane']
3577,[],[]
3578,[],[]
3579,[],[]
3580,[856],['Great Reform Bill']
3581,[856],['secessionists']
3582,"[854, 857]","['1841', '1847']"
3583,[857],['John Walter']
3584,[857],['penny press']
3585,[],[]
3586,[],[]
3587,[],[]
3588,[],[]
3589,[859],['The Protocols of the Learned Elders of Zion']
3590,[859],['The Protocols of the Learned Elders of Zion']
3591,[],[]
3592,[860],['Philip Graves']
3593,[],[]
3594,[861],['German appeasement']
3595,[],[]
3596,[862],['Kim Philby']
3597,[],[]
3598,[862],['MI6']
3599,[862],['the Soviet Union']
3600,[],[]
3601,[],[]
3602,[],[]
3603,[],[]
3604,[864],['1966']
3605,[864],['Roy Thomson']
3606,[],[]
3607,[],[]
3608,[],[]
3609,[],[]
3610,[],[]
3611,[866],['the unions']
3612,[],[]
3613,[],[]
3614,[],[]
3615,[867],['half']
3616,[],[]
3617,[],[]
3618,[],[]
3619,[868],['Iran Air Flight 655']
3620,[],[]
3621,[],[]
3622,[870],['tabloid']
3623,[],[]
3624,[],[]
3625,[],[]
3626,[871],"['""From Our Own Correspondents']"
3627,[872],['2007']
3628,[],[]
3629,[],[]
3630,[873],['Wapping']
3631,[873],['Wapping']
3632,[],[]
3633,[874],['London']
3634,[875],['the Opinion/Comment section']
3635,[875],['£1.20']
3636,[],[]
3637,[876],['Killer']
3638,[],[]
3639,[],[]
3640,[878],"['Sport, Weekend']"
3641,[878],['Playlist']
3642,[879],['Nadiya Hussain']
3643,[879],['The Great British Bake Off']
3644,[879],['The Times Magazine']
3645,[],[]
3646,[],[]
3647,[880],['magazine']
3648,[],[]
3649,[],[]
3650,[],[]
3651,[],[]
3652,[],[]
3653,[882],"['750,000 readers per day']"
3654,[883],['1981']
3655,[],[]
3656,[884],['The Times']
3657,[],[]
3658,[884],"['399,339 and The Sunday Times of 885,612']"
3659,[885],['The Times']
3660,[],[]
3661,[],[]
3662,[],[]
3663,[887],['Con-Lib']
3664,[],[]
3665,[887],['Eurosceptic']
3666,[851],['Labour Party']
3667,[888],['Liberal Democrats']
3668,[888],['Labour']
3669,[],[]
3670,[],[]
3671,[],[]
3672,[],[]
3673,[],[]
3674,[],[]
3675,[],[]
3676,[892],['The Times Literary Supplement']
3677,[],[]
3678,[],[]
3679,[864],['Times Newspapers Limited']
3680,[],[]
3681,[894],['2003']
3682,[],[]
3683,[895],['George Orwell']
3684,[895],['dystopian']
3685,[],[]
3686,[],[]
3687,[],[]
3688,[],[]
3689,[],[]
3690,[898],['The Wombles']
3691,[899],['health and diseases']
3692,[],[]
3693,[],[]
3694,[],[]
3695,[900],['lymphoid organs']
3696,[],[]
3697,[],[]
3698,[],[]
3699,[],[]
3700,[],[]
3701,[],[]
3702,[902],['epidemiology and medicine']
3703,[],[]
3704,[],[]
3705,[],[]
3706,[],[]
3707,[],[]
3708,[],[]
3709,[],[]
3710,[],[]
3711,[],[]
3712,[],[]
3713,[],[]
3714,[],[]
3715,[],[]
3716,[],[]
3717,[],[]
3718,[],[]
3719,[906],['Clinical immunology']
3720,[],[]
3721,[],[]
3722,[],[]
3723,[],[]
3724,[],[]
3725,[],[]
3726,[],[]
3727,[],[]
3728,[],[]
3729,[],[]
3730,[],[]
3731,[],[]
3732,[],[]
3733,[],[]
3734,[],[]
3735,[],[]
3736,[911],['testosterone']
3737,[],[]
3738,[],[]
3739,[],[]
3740,[],[]
3741,[],[]
3742,[],[]
3743,[],[]
3744,[],[]
3745,[],[]
3746,[],[]
3747,[914],['the research']
3748,[],[]
3749,[],[]
3750,[],[]
3751,[],[]
3752,[917],['Shias']
3753,[],[]
3754,[917],['4:165']
3755,[],[]
3756,[929],['God']
3757,[],[]
3758,[919],['Shia - Sunni separation']
3759,[],[]
3760,[],[]
3761,[],[]
3762,[],[]
3763,[921],['Imām']
3764,[],[]
3765,[],[]
3766,[],[]
3767,[],[]
3768,[],[]
3769,[],[]
3770,[923],['seven']
3771,[],[]
3772,[],[]
3773,[],[]
3774,[],[]
3775,[],[]
3776,[924],['Bohras']
3777,[],[]
3778,[],[]
3779,[],[]
3780,[],[]
3781,[],[]
3782,[],[]
3783,[925],['zakat and khums']
3784,[],[]
3785,[926],"[""Isma'il ibn Jafar""]"
3786,[],[]
3787,[927],['the Bohras/Dawoodi Bohra']
3788,[],[]
3789,[],[]
3790,[],[]
3791,[928],['Ali']
3792,[],[]
3793,[],[]
3794,[],[]
3795,[],[]
3796,[929],['God']
3797,[],[]
3798,[],[]
3799,[],[]
3800,[],[]
3801,[934],['Concord grapes']
3802,[],[]
3803,[931],['15 to 300']
3804,[932],['Armenia']
3805,[932],['Shiraz']
3806,[],[]
3807,[],[]
3808,[],[]
3809,[],[]
3810,[],[]
3811,[934],['Thompson Seedless']
3812,[],[]
3813,[],[]
3814,[],[]
3815,[],[]
3816,[936],['either table or wine grapes']
3817,[],[]
3818,[],[]
3819,[],[]
3820,[],[]
3821,[937],['Dionysus']
3822,[],[]
3823,[],[]
3824,[938],['three']
3825,[],[]
3826,[],[]
3827,[938],['Vitis vinifera']
3828,[],[]
3829,[939],['Total phenolic content']
3830,[],[]
3831,[],[]
3832,[],[]
3833,[940],['personal health of the priest']
3834,[],[]
3835,[],[]
3836,[],[]
3837,[],[]
3838,[],[]
3839,[],[]
3840,[],[]
3841,[],[]
3842,"[942, 960]","['$', 'lion dollar']"
3843,[],[]
3844,[],[]
3845,[],[]
3846,"[942, 960]","['Mexico City, Potosí, Bolivia', 'Mexico and Peru']"
3847,[942],['$']
3848,[942],"['scribal abbreviation ""ps"" for the peso']"
3849,[],[]
3850,[],[]
3851,[960],['Mexico and Peru']
3852,[943],['green']
3853,[],[]
3854,[],[]
3855,[943],['the visually impaired']
3856,[],[]
3857,[],[]
3858,[],[]
3859,[],[]
3860,[],[]
3861,[943],['the Bureau of Engraving and Printing']
3862,[944],['United States Congress']
3863,[],[]
3864,[],[]
3865,[],[]
3866,[],[]
3867,[],[]
3868,[],[]
3869,[],[]
3870,[],[]
3871,[],[]
3872,[],[]
3873,[],[]
3874,[],[]
3875,[],[]
3876,[],[]
3877,[946],['European monarchs']
3878,[946],['early 20th century']
3879,[],[]
3880,[],[]
3881,[946],['Native Americans']
3882,[],[]
3883,[947],['1862']
3884,[947],['the Civil War']
3885,[947],['gold and silver backing also occurred during the War of 1812']
3886,[],[]
3887,[],[]
3888,[],[]
3889,[],[]
3890,[947],['War of 1812']
3891,[],[]
3892,[],[]
3893,[],[]
3894,[],[]
3895,[],[]
3896,[],[]
3897,[948],['Grover Cleveland']
3898,[],[]
3899,[],[]
3900,[],[]
3901,[948],['Liberty']
3902,[],[]
3903,[],[]
3904,[],[]
3905,[],[]
3906,[],[]
3907,[],[]
3908,[],[]
3909,[949],['Commercial banks']
3910,[950],['1913']
3911,[950],['currency']
3912,[950],['gold standard']
3913,[950],['30%']
3914,[],[]
3915,[],[]
3916,[],[]
3917,[],[]
3918,[],[]
3919,[],[]
3920,[],[]
3921,[],[]
3922,[952],['Spanish milled dollar']
3923,[],[]
3924,[],[]
3925,[961],['23.22 grains']
3926,[],[]
3927,[],[]
3928,[],[]
3929,[],[]
3930,[],[]
3931,[],[]
3932,[],[]
3933,[],[]
3934,[],[]
3935,[],[]
3936,[],[]
3937,[],[]
3938,[],[]
3939,[],[]
3940,[954],['247 and 4 eighths of a grain or 270 grains']
3941,[954],['Alexander Hamilton']
3942,[],[]
3943,[],[]
3944,[],[]
3945,[],[]
3946,[],[]
3947,"[955, 970]","['December 13, 2011', '1980']"
3948,[],[]
3949,[],[]
3950,[],[]
3951,[],[]
3952,[],[]
3953,[],[]
3954,[],[]
3955,[],[]
3956,[957],['1969']
3957,[],[]
3958,[],[]
3959,[],[]
3960,[957],['1969']
3961,[],[]
3962,[],[]
3963,[],[]
3964,[958],['18th']
3965,[958],['colonial leather']
3966,[958],['Greenback']
3967,[],[]
3968,[],[]
3969,[958],['18th']
3970,[958],['colonial leather']
3971,[],[]
3972,[],[]
3973,[],[]
3974,[959],['two thirds']
3975,[],[]
3976,[],[]
3977,[],[]
3978,[960],['Peru']
3979,[],[]
3980,[],[]
3981,[],[]
3982,[],[]
3983,[],[]
3984,[],[]
3985,[],[]
3986,[],[]
3987,[],[]
3988,[],[]
3989,[],[]
3990,[],[]
3991,[],[]
3992,[],[]
3993,[962],"['""upside down lettering error"" coins']"
3994,[],[]
3995,[],[]
3996,[],[]
3997,[963],['issue Federal Reserve Notes']
3998,[],[]
3999,[],[]
4000,[963],['issue Federal Reserve Notes']
4001,[],[]
4002,[],[]
4003,[963],['Federal Reserve Note']
4004,[],[]
4005,[964],['Moral suasion']
4006,[],[]
4007,[],[]
4008,[],[]
4009,[],[]
4010,[965],['$35 per ounce']
4011,[955],['90% silver']
4012,[],[]
4013,[],[]
4014,[],[]
4015,[],[]
4016,[965],['1971']
4017,[966],['fiat money']
4018,[],[]
4019,[],[]
4020,[],[]
4021,[],[]
4022,[],[]
4023,[],[]
4024,[],[]
4025,[],[]
4026,[],[]
4027,[],[]
4028,[],[]
4029,[],[]
4030,[],[]
4031,[],[]
4032,[968],['371.25 grains']
4033,[968],['Alexander Hamilton']
4034,[],[]
4035,[],[]
4036,"[961, 968]","['23.22 grains', '371.25']"
4037,[],[]
4038,[968],['1834']
4039,[],[]
4040,[],[]
4041,[],[]
4042,[969],['cupronickel']
4043,[],[]
4044,[],[]
4045,[],[]
4046,[],[]
4047,[969],['cupronickel']
4048,[],[]
4049,[],[]
4050,"[945, 960, 969]","['16th', '17th century and early 18th', '1879']"
4051,"[961, 968, 970]","['1970', '1792', '1971 through 1978']"
4052,[],[]
4053,[],[]
4054,[],[]
4055,[960],['17th']
4056,[],[]
4057,[971],['over 3000 billion']
4058,[971],['12']
4059,[],[]
4060,[],[]
4061,[971],['Eight']
4062,[],[]
4063,[],[]
4064,[],[]
4065,[],[]
4066,[],[]
4067,[],[]
4068,[],[]
4069,[],[]
4070,[],[]
4071,[973],['1990']
4072,[],[]
4073,[],[]
4074,[],[]
4075,[973],['1990']
4076,[],[]
4077,[],[]
4078,[974],['1787']
4079,[],[]
4080,[],[]
4081,[],[]
4082,[],[]
4083,[],[]
4084,[975],['1962']
4085,[],[]
4086,[],[]
4087,[],[]
4088,[],[]
4089,[975],['Frank Kidson']
4090,[975],['1890']
4091,[],[]
4092,[],[]
4093,[],[]
4094,[],[]
4095,[],[]
4096,[],[]
4097,[977],['1960s']
4098,[],[]
4099,[977],['Evertonians']
4100,[],[]
4101,[],[]
4102,[],[]
4103,[],[]
4104,[],[]
4105,[],[]
4106,[],[]
4107,[],[]
4108,[],[]
4109,[979],['fourth']
4110,[],[]
4111,[],[]
4112,[],[]
4113,[],[]
4114,[980],['sports manufacturers Nike']
4115,[],[]
4116,[],[]
4117,[],[]
4118,[981],['J. Cruitt']
4119,[],[]
4120,[],[]
4121,[982],['£30 million']
4122,[982],['2003']
4123,[],[]
4124,[],[]
4125,[],[]
4126,[],[]
4127,[],[]
4128,[983],['FOREVERTON']
4129,[],[]
4130,[],[]
4131,[983],['eighth']
4132,[],[]
4133,[],[]
4134,[],[]
4135,[984],['Howard Kendall']
4136,[],[]
4137,[],[]
4138,[984],['Harry Catterick']
4139,[],[]
4140,[985],['Harry Catterick']
4141,[],[]
4142,[],[]
4143,[],[]
4144,[],[]
4145,[],[]
4146,[],[]
4147,[],[]
4148,[986],['Knowsley Council and Tesco']
4149,[],[]
4150,[],[]
4151,[],[]
4152,[],[]
4153,[987],"['7,000']"
4154,[],[]
4155,[],[]
4156,[],[]
4157,"[983, 987]","['North Wales and Ireland', '7,000']"
4158,[],[]
4159,[],[]
4160,[],[]
4161,[],[]
4162,[],[]
4163,[],[]
4164,[],[]
4165,[],[]
4166,[],[]
4167,[],[]
4168,[],[]
4169,[],[]
4170,[],[]
4171,[],[]
4172,[],[]
4173,[],[]
4174,[],[]
4175,[],[]
4176,[],[]
4177,[981],['1892']
4178,[990],['Neville Southall']
4179,[990],['Neville Southall']
4180,[990],['Brian Labone']
4181,[],[]
4182,[],[]
4183,[],[]
4184,[],[]
4185,[],[]
4186,[],[]
4187,[],[]
4188,[],[]
4189,[],[]
4190,[],[]
4191,[],[]
4192,[],[]
4193,[],[]
4194,[],[]
4195,[],[]
4196,[],[]
4197,[],[]
4198,[992],['Greenbank Sports Academy']
4199,[],[]
4200,[],[]
4201,[],[]
4202,[993],['Everton de Viña del Mar']
4203,[],[]
4204,[],[]
4205,[],[]
4206,[],[]
4207,[],[]
4208,[993],['Elk Grove']
4209,[],[]
4210,[],[]
4211,[994],['four']
4212,[],[]
4213,[],[]
4214,[],[]
4215,[994],['The Farm']
4216,[],[]
4217,[],[]
4218,[],[]
4219,[],[]
4220,[],[]
4221,[995],['1997']
4222,[],[]
4223,[],[]
4224,[996],['1901']
4225,[],[]
4226,[],[]
4227,[],[]
4228,[],[]
4229,[997],['heavy metal']
4230,[],[]
4231,[997],['Blue Cheer released a crude and distorted cover of Eddie Cochran']
4232,[],[]
4233,[],[]
4234,[],[]
4235,[],[]
4236,[998],['Irish']
4237,[],[]
4238,[],[]
4239,[],[]
4240,[],[]
4241,[],[]
4242,[],[]
4243,[],[]
4244,[],[]
4245,[],[]
4246,[],[]
4247,[999],['5150']
4248,[],[]
4249,[1000],['Ballbreaker']
4250,[],[]
4251,[],[]
4252,[],[]
4253,[1000],['These Days']
4254,[],[]
4255,[1001],"[""Guns N' Roses""]"
4256,[1001],['Britpop']
4257,[],[]
4258,[],[]
4259,"[1001, 1005]","['1970s', '1990s']"
4260,[],[]
4261,"[1001, 1013]","['1980s', '1967']"
4262,[1001],['1990s']
4263,"[1002, 1004]","['electric blues', 'pop metal']"
4264,[1004],['Brian Johnson']
4265,[],[]
4266,[],[]
4267,[],[]
4268,[1002],['electric blues']
4269,[],[]
4270,[],[]
4271,[],[]
4272,[],[]
4273,[],[]
4274,[],[]
4275,[],[]
4276,[],[]
4277,[],[]
4278,[],[]
4279,[1001],['1980s']
4280,[],[]
4281,[],[]
4282,[],[]
4283,[],[]
4284,[],[]
4285,[],[]
4286,[],[]
4287,[1004],['Animalize']
4288,[],[]
4289,[1005],['1991']
4290,[1005],['The Black Crowes']
4291,[1000],['Keep the Faith']
4292,[],[]
4293,"[1005, 1015]","['five weeks', 'two']"
4294,[],[]
4295,[],[]
4296,[],[]
4297,[],[]
4298,"[1006, 1008]","['2006', '1973']"
4299,[],[]
4300,[],[]
4301,[],[]
4302,[],[]
4303,[],[]
4304,[1006],"[""The Darkness' Permission to Land""]"
4305,[],[]
4306,[],[]
4307,[1007],['1960s']
4308,[1013],['1966']
4309,[],[]
4310,[1008],['Scottish']
4311,[1008],['Hair of the Dog']
4312,[1008],['Free']
4313,[],[]
4314,[],[]
4315,"[999, 1009]","['Slippery When Wet', ""High 'n' Dry""]"
4316,[],[]
4317,[1009],['1983']
4318,[],[]
4319,[1005],['Shake Your Money Maker']
4320,[],[]
4321,[],[]
4322,[1001],['grunge and later Britpop']
4323,[],[]
4324,[1000],['Feeder and Stereophonics']
4325,[],[]
4326,[],[]
4327,[],[]
4328,[1011],['Them Crooked Vultures']
4329,[],[]
4330,[],[]
4331,[],[]
4332,[],[]
4333,[],[]
4334,[],[]
4335,[],[]
4336,[1012],['The bass guitar']
4337,[],[]
4338,[],[]
4339,[],[]
4340,[],[]
4341,[],[]
4342,[],[]
4343,[],[]
4344,[],[]
4345,[],[]
4346,[],[]
4347,[1014],['1975']
4348,[],[]
4349,[],[]
4350,[],[]
4351,[],[]
4352,[],[]
4353,[],[]
4354,[1015],['1983']
4355,[],[]
4356,[],[]
4357,[],[]
4358,[],[]
4359,[],[]
4360,[],[]
4361,[],[]
4362,[],[]
4363,[],[]
4364,[],[]
4365,[],[]
4366,[],[]
4367,[],[]
4368,[1017],['heavy metal']
4369,"[1001, 1017]","['glam metal', 'hardcore punk']"
4370,[],[]
4371,[],[]
4372,[1017],['bluesy rock and roll identity']
4373,[],[]
4374,[],[]
4375,[],[]
4376,[997],['heavy metal']
4377,[],[]
4378,[],[]
4379,[],[]
4380,[],[]
4381,[],[]
4382,[],[]
4383,[],[]
4384,[],[]
4385,[],[]
4386,[],[]
4387,[],[]
4388,[],[]
4389,[],[]
4390,"[1005, 1020]","['five million', '17 million']"
4391,[],[]
4392,"[1005, 1020]","['four', 'seven']"
4393,[1005],['Shake Your Money Maker']
4394,[],[]
4395,[],[]
4396,[],[]
4397,[],[]
4398,[],[]
4399,[],[]
4400,[1021],['Audioslave']
4401,[1021],['Chinese Democracy']
4402,[],[]
4403,[],[]
4404,[],[]
4405,[1021],['Chinese Democracy']
4406,[],[]
4407,[1022],['1916']
4408,[],[]
4409,[],[]
4410,[],[]
4411,[],[]
4412,[],[]
4413,[1023],['treated animals and sorted the cattle for sale']
4414,[1023],['10 million']
4415,[],[]
4416,[],[]
4417,[],[]
4418,[1023],['10 million']
4419,[],[]
4420,[],[]
4421,[],[]
4422,[],[]
4423,[],[]
4424,[1024],"['Texas, Kansas and Nebraska']"
4425,[],[]
4426,[],[]
4427,[],[]
4428,[],[]
4429,[],[]
4430,[],[]
4431,[],[]
4432,[],[]
4433,[],[]
4434,[1026],['1870']
4435,[1026],['bison']
4436,[],[]
4437,[],[]
4438,[],[]
4439,[],[]
4440,[],[]
4441,[1027],"['139,000 square miles']"
4442,[1027],['1893']
4443,[],[]
4444,[],[]
4445,[],[]
4446,[1028],['Women']
4447,[],[]
4448,[],[]
4449,[],[]
4450,[],[]
4451,[],[]
4452,[],[]
4453,[],[]
4454,[],[]
4455,[],[]
4456,[],[]
4457,[],[]
4458,[],[]
4459,[1031],['Commission for Environmental Cooperation']
4460,[],[]
4461,[],[]
4462,[],[]
4463,[],[]
4464,[1032],['The railroads']
4465,[],[]
4466,[1032],['immigrants']
4467,[],[]
4468,[],[]
4469,[],[]
4470,[],[]
4471,[],[]
4472,[1033],['grazers']
4473,[],[]
4474,[],[]
4475,[1034],['1862']
4476,[],[]
4477,[],[]
4478,[1034],['1862']
4479,[],[]
4480,[],[]
4481,[],[]
4482,[1035],['Biodiversity']
4483,[],[]
4484,[],[]
4485,[],[]
4486,[],[]
4487,[],[]
4488,[],[]
4489,[],[]
4490,[1036],['Bruce A. Wilcox']
4491,[1036],['1992']
4492,[],[]
4493,[],[]
4494,[],[]
4495,[],[]
4496,[],[]
4497,[1037],['Hyperbolic model']
4498,[],[]
4499,[],[]
4500,[],[]
4501,[],[]
4502,[],[]
4503,[1038],['Interspecific crop diversity']
4504,[],[]
4505,[],[]
4506,[],[]
4507,[],[]
4508,[1038],['monocultures']
4509,[],[]
4510,[],[]
4511,[],[]
4512,[],[]
4513,[1040],['2007']
4514,[1040],['in fresh water']
4515,[],[]
4516,[],[]
4517,[1040],['in fresh water']
4518,[],[]
4519,[1041],['Eastern Europe']
4520,[1041],['the Thecla betulae butterfly']
4521,[],[]
4522,[],[]
4523,[],[]
4524,[],[]
4525,[],[]
4526,[],[]
4527,[1042],"['81,000']"
4528,[],[]
4529,[],[]
4530,[],[]
4531,[],[]
4532,[],[]
4533,[1043],['Convention on Biological Diversity']
4534,[1043],['Convention on Biological Diversity']
4535,[],[]
4536,[],[]
4537,"[1044, 1047, 1052]","['Rapid environmental changes', 'genetic pollution', 'dinosaurs']"
4538,[],[]
4539,[],[]
4540,[1044],['5.0 x 1037']
4541,[],[]
4542,[],[]
4543,"[1044, 1054]","['5.0 x 1037, and weighs 50 billion tonnes', '10%']"
4544,[],[]
4545,[],[]
4546,[],[]
4547,[],[]
4548,[],[]
4549,[],[]
4550,[1046],"['Jared Diamond describes an ""Evil Quartet']"
4551,[],[]
4552,[],[]
4553,[1046],['Jared Diamond']
4554,[],[]
4555,[],[]
4556,[],[]
4557,[],[]
4558,[],[]
4559,[],[]
4560,[],[]
4561,[1047],['Hybridization and introgression']
4562,[1047],['The abundant species can interbreed with the rare species']
4563,[],[]
4564,[],[]
4565,[],[]
4566,[1048],['4.54 billion years old']
4567,[1048],"['3.5 billion years ago, during the Eoarchean Era']"
4568,[1048],['Eoarchean Era']
4569,[1048],['Western Australia']
4570,[],[]
4571,[1048],"['3.5 billion years ago, during the Eoarchean Era']"
4572,[],[]
4573,[],[]
4574,[],[]
4575,[1049],['greater availability and preservation of recent geologic sections']
4576,[],[]
4577,[],[]
4578,[1049],['2 million to 100 million']
4579,[],[]
4580,[],[]
4581,[],[]
4582,[],[]
4583,[],[]
4584,[],[]
4585,[],[]
4586,[],[]
4587,[],[]
4588,[],[]
4589,[1060],['reduction in habitat area']
4590,[1052],['five']
4591,[],[]
4592,[],[]
4593,"[1045, 1052]",['30 million years']
4594,[1052],['five']
4595,[],[]
4596,[],[]
4597,[],[]
4598,[1052],['30 million years']
4599,[],[]
4600,[],[]
4601,[],[]
4602,[],[]
4603,[],[]
4604,[],[]
4605,[1054],['Colombia']
4606,[],[]
4607,[],[]
4608,[],[]
4609,[],[]
4610,[],[]
4611,[],[]
4612,[],[]
4613,[],[]
4614,[],[]
4615,[],[]
4616,[],[]
4617,[1056],['2.5 billion to 7 billion']
4618,[1056],['more than 9 billion']
4619,[],[]
4620,[1056],['1950 to 2011']
4621,[1056],['the middle of the 21st century']
4622,[],[]
4623,[1057],['The control of associated biodiversity']
4624,[],[]
4625,[],[]
4626,[],[]
4627,[1058],['national or state governments']
4628,[1058],['biodiversity and landscape conservation']
4629,[],[]
4630,[],[]
4631,[],[]
4632,[],[]
4633,[],[]
4634,[],[]
4635,[1059],['2050']
4636,[1059],['25%']
4637,[],[]
4638,[1059],['2050']
4639,[],[]
4640,[1059],['30%']
4641,[1060],['Habitat size']
4642,[],[]
4643,[1060],['lack of property rights or lax law/regulatory enforcement']
4644,[],[]
4645,[],[]
4646,[],[]
4647,[],[]
4648,[1061],['nocturnal rats']
4649,[1062],['Contemporary biodiversity physics']
4650,[1062],['microbial life']
4651,[1062],['high—supporting the Holocene']
4652,[1063],['biodiversity']
4653,[],[]
4654,[],[]
4655,[],[]
4656,[],[]
4657,[],[]
4658,[1064],['A Different Kind of Country']
4659,[],[]
4660,[],[]
4661,[1064],['Thomas Lovejoy']
4662,[1065],['Biodiversity']
4663,[],[]
4664,[1065],['Biodiversity']
4665,[],[]
4666,[1065],['bionics']
4667,[1066],['Green Revolution']
4668,[],[]
4669,[1066],['Local governments and industry']
4670,[],[]
4671,[1066],['Green Revolution']
4672,[1066],['local climate and diseases']
4673,[],[]
4674,[],[]
4675,[],[]
4676,[1067],['unlawful search and seizure']
4677,[],[]
4678,[],[]
4679,[],[]
4680,[],[]
4681,[],[]
4682,[],[]
4683,[],[]
4684,[],[]
4685,[],[]
4686,[1068],['March 1971']
4687,[1068],"['Media, Pennsylvania']"
4688,[],[]
4689,[1068],['House Majority Leader Hale Boggs']
4690,[],[]
4691,[1069],['FBI Laboratory']
4692,[],[]
4693,[1069],['violent crime']
4694,[],[]
4695,[1069],['1924']
4696,[1070],['FBI and Central Intelligence Agency (CIA']
4697,[],[]
4698,[],[]
4699,[1070],"['July 22, 2004']"
4700,[],[]
4701,[1070],"['the September 11, 2001 attacks']"
4702,[],[]
4703,[1071],"['Clarksburg, West Virginia']"
4704,[],[]
4705,[],[]
4706,[],[]
4707,[],[]
4708,[1080],['Richard Jewell']
4709,"[1081, 1093]","['Robert Mueller', 'J. Edgar Hoover']"
4710,[],[]
4711,[],[]
4712,[],[]
4713,[1091],['Robert Hanssen']
4714,[],[]
4715,[],[]
4716,[],[]
4717,[],[]
4718,[1073],"['data collection on violent crimes, hate crimes, and property crimes']"
4719,[],[]
4720,[],[]
4721,[],[]
4722,[1073],['93%']
4723,[1074],['15%']
4724,[],[]
4725,[],[]
4726,[],[]
4727,[],[]
4728,[],[]
4729,[],[]
4730,"[1075, 1106]",['56']
4731,[],[]
4732,[1075],['intelligence collection']
4733,"[1075, 1106]",['56']
4734,"[1075, 1106]",['56']
4735,[1075],['the Director of National Intelligence.']
4736,[1076],"['White Slave Traffic Act,"" or Mann Act']"
4737,[1076],"['June 25, 1910']"
4738,[],[]
4739,[],[]
4740,[],[]
4741,[],[]
4742,[1076],['1932']
4743,[1077],['Dr. T.R.M. Howard']
4744,[],[]
4745,[1077],['the COINTELPRO']
4746,[1077],['1956']
4747,[],[]
4748,[1096],"['August 25, 1953']"
4749,[],[]
4750,[],[]
4751,[],[]
4752,[],[]
4753,[],[]
4754,[1079],['four']
4755,[1079],['life in prison']
4756,[],[]
4757,[1079],['$100 million']
4758,[],[]
4759,[1079],['1965']
4760,[1095],['Robert Shivers']
4761,[],[]
4762,[1079],['$100 million']
4763,[],[]
4764,[1080],"['New York City, New York']"
4765,[],[]
4766,[1107],['monitor email and electronic communications']
4767,[],[]
4768,[],[]
4769,[],[]
4770,[],[]
4771,[],[]
4772,"[1081, 1111]","['Leonard W. Hatton Jr.', 'Filiberto Ojeda Ríos']"
4773,[1081],['South Tower']
4774,[],[]
4775,"[1069, 1070, 1081, 1095]","['violent crime', 'Director of National Intelligence', 'Robert Mueller', 'Robert Shivers']"
4776,[],[]
4777,[],[]
4778,[],[]
4779,[],[]
4780,[],[]
4781,[],[]
4782,[1082],['effective communication and cooperation']
4783,[],[]
4784,[],[]
4785,[],[]
4786,[],[]
4787,"[1081, 1082]","['Leonard W. Hatton Jr.', 'support staff']"
4788,[1083],['sneak and peek provision']
4789,[],[]
4790,[],[]
4791,[],[]
4792,[],[]
4793,[1067],['bugging']
4794,[],[]
4795,[],[]
4796,[],[]
4797,"[1084, 1096, 1097, 1109]","['1974', 'August 25, 1953', '1998', '1930s']"
4798,"[1093, 1098, 1101, 1106]","['Scientific Crime Detection Laboratory', 'Quantico', 'Quantico, Virginia', 'Building']"
4799,[],[]
4800,"[1098, 1101]","['Quantico', 'Quantico, Virginia']"
4801,[],[]
4802,[1101],"['Quantico, Virginia']"
4803,[],[]
4804,[],[]
4805,[],[]
4806,[1086],['Glock Model 22 pistol']
4807,[],[]
4808,[],[]
4809,[],[]
4810,[1086],['Glock Model 22 pistol']
4811,[],[]
4812,[1087],['veterans']
4813,[],[]
4814,[],[]
4815,[1087],['Office of Personnel Management']
4816,[],[]
4817,[],[]
4818,[],[]
4819,[],[]
4820,[1111],['US Attorney General']
4821,[],[]
4822,[],[]
4823,[],[]
4824,[],[]
4825,[],[]
4826,[1089],['16 years']
4827,[],[]
4828,[1082],['deeply ingrained agency cultural resistance to change']
4829,[1089],['December 1994']
4830,[1089],['1997']
4831,[],[]
4832,[],[]
4833,[],[]
4834,[1090],['conflict of interest edits']
4835,[],[]
4836,[],[]
4837,"[1078, 1091]","['1957', '20 February 2001']"
4838,[1091],['Foxstone Park']
4839,[],[]
4840,[],[]
4841,[],[]
4842,[],[]
4843,[1092],['Federal Bureau of Investigation']
4844,"[1075, 1100]","['Central Intelligence Agency', 'Immigration and Customs Enforcement Homeland Security Investigations']"
4845,"[1075, 1081, 1108]","['the Director of National Intelligence', 'Robert Mueller', 'J. Edgar Hoover']"
4846,[1092],['200']
4847,[],[]
4848,[],[]
4849,[],[]
4850,[1108],['J. Edgar Hoover']
4851,"[1084, 1093]","['BOI', 'Scientific Crime Detection Laboratory']"
4852,[1093],['J. Edgar Hoover']
4853,[1093],['1932']
4854,[],[]
4855,[1093],['ten years']
4856,[],[]
4857,[1093],['to professionalize investigations by the government']
4858,[1094],['15']
4859,[],[]
4860,[],[]
4861,[1106],['56']
4862,[],[]
4863,[],[]
4864,[],[]
4865,[],[]
4866,[],[]
4867,[],[]
4868,[1095],['1939']
4869,[1095],"['December 7, 1941']"
4870,[1095],"['5,500']"
4871,[],[]
4872,[],[]
4873,[1096],['organized crime']
4874,[],[]
4875,[1096],['National Crime Syndicate']
4876,[],[]
4877,[],[]
4878,[1078],['Americans working in the United States for Soviet intelligence']
4879,[],[]
4880,[],[]
4881,[],[]
4882,[],[]
4883,[],[]
4884,[],[]
4885,[1097],['1998']
4886,[],[]
4887,[1098],['18-month']
4888,[],[]
4889,[],[]
4890,[],[]
4891,[],[]
4892,[],[]
4893,[1083],['sneak and peek provision']
4894,[],[]
4895,[],[]
4896,[],[]
4897,[],[]
4898,[],[]
4899,[],[]
4900,[],[]
4901,[],[]
4902,[1100],['the FBI']
4903,[],[]
4904,[],[]
4905,[],[]
4906,[],[]
4907,[],[]
4908,[1101],"['Quantico, Virginia']"
4909,[1101],['21-week']
4910,[],[]
4911,[],[]
4912,[],[]
4913,[],[]
4914,[],[]
4915,[1075],['the Central Intelligence Agency']
4916,"[1070, 1102]","['October 2005', 'mid-1960s']"
4917,[],[]
4918,[],[]
4919,[],[]
4920,[],[]
4921,[],[]
4922,[],[]
4923,[1073],"['17,000']"
4924,[],[]
4925,[1104],['Pedro Albizu Campos']
4926,[1104],['Pedro Albizu Campos']
4927,[],[]
4928,[],[]
4929,[],[]
4930,"[1105, 1106]","['Office of the Director', 'J. Edgar Hoover Building']"
4931,"[1095, 1105]","['Robert Shivers', 'An executive assistant director']"
4932,[],[]
4933,[1095],['Robert Shivers']
4934,[],[]
4935,[1106],['J. Edgar Hoover Building']
4936,[],[]
4937,[],[]
4938,"[1071, 1092]","['Clarksburg, West Virginia', 'U.S. Intelligence Community']"
4939,[1106],"['Clarksburg, West Virginia']"
4940,[1106],['96 million']
4941,"[1071, 1106]","['Clarksburg, West Virginia', 'J. Edgar Hoover Building']"
4942,"[1075, 1106]",['56']
4943,[],[]
4944,[],[]
4945,[],[]
4946,[],[]
4947,[],[]
4948,[],[]
4949,[1107],['Digital Collection System']
4950,[],[]
4951,[1107],['the FBI']
4952,[],[]
4953,[],[]
4954,"[1081, 1108]","['Robert Mueller', 'the President of the United States']"
4955,[],[]
4956,[1108],['five years']
4957,[],[]
4958,"[1081, 1108]","['Robert Mueller', 'James B. Comey']"
4959,[],[]
4960,[],[]
4961,[],[]
4962,[1109],['Joseph D. Pistone']
4963,[],[]
4964,[],[]
4965,[1110],['289']
4966,[],[]
4967,[1110],['bank robber']
4968,[1110],['Samuel Walker']
4969,[],[]
4970,[],[]
4971,[1110],['$1.3 million']
4972,[],[]
4973,[],[]
4974,[],[]
4975,[],[]
4976,"[1104, 1111]","['Pedro Albizu Campos', 'Filiberto Ojeda Ríos']"
4977,[],[]
4978,[1111],['security and agent privacy issues']
4979,[],[]
4980,[],[]
4981,[],[]
4982,"[1147, 1150]","['twelve', '12']"
4983,[],[]
4984,[1150],['Joseph']
4985,[],[]
4986,[1112],['the Temple in Jerusalem']
4987,"[1136, 1151]",['Gabriel']
4988,[],[]
4989,[],[]
4990,[],[]
4991,[],[]
4992,[],[]
4993,[],[]
4994,[],[]
4995,[],[]
4996,[],[]
4997,[],[]
4998,[],[]
4999,[1115],['33 days']
5000,[1115],['the Temple in Jerusalem']
5001,[],[]
5002,[1115],['Nazareth']
5003,[],[]
5004,[],[]
5005,[],[]
5006,[1115],['Jerusalem']
5007,[],[]
5008,[1116],['Tribe of Judah']
5009,[],[]
5010,[],[]
5011,[1116],['Levi']
5012,[1112],['Saint Joachim']
5013,[],[]
5014,[],[]
5015,[],[]
5016,[],[]
5017,[],[]
5018,[],[]
5019,[1117],['a Stabat Mater']
5020,[],[]
5021,[1117],['Stabat Mater']
5022,[],[]
5023,[],[]
5024,[],[]
5025,[],[]
5026,[],[]
5027,[],[]
5028,[],[]
5029,[],[]
5030,[],[]
5031,[],[]
5032,[1119],['the 19th century']
5033,[],[]
5034,[],[]
5035,[],[]
5036,[],[]
5037,[1120],['842']
5038,"[1125, 1135]","['blue', 'Maryam']"
5039,[],[]
5040,[],[]
5041,[],[]
5042,[1121],['Ephesus']
5043,[1121],['Artemis']
5044,[1121],['Gordon Laing']
5045,[1121],['Queen Theodora']
5046,[],[]
5047,[1121],['Ephesus']
5048,[],[]
5049,[],[]
5050,[],[]
5051,[],[]
5052,[],[]
5053,[],[]
5054,[],[]
5055,[1122],['Queen Mother']
5056,[],[]
5057,[],[]
5058,[1135],"['""Giver of birth to God""']"
5059,[],[]
5060,[],[]
5061,[],[]
5062,[],[]
5063,[],[]
5064,[1124],['August 15']
5065,[],[]
5066,[],[]
5067,[],[]
5068,[],[]
5069,[],[]
5070,[],[]
5071,[1125],['blue']
5072,[1125],['lapis lazuli']
5073,[],[]
5074,[],[]
5075,[],[]
5076,[],[]
5077,[],[]
5078,[],[]
5079,[],[]
5080,[],[]
5081,[1138],['Blessed']
5082,[],[]
5083,[1140],['Theotokos']
5084,[],[]
5085,[],[]
5086,[],[]
5087,[1127],['Luke']
5088,[],[]
5089,[],[]
5090,[1151],['Gabriel']
5091,[],[]
5092,[1128],['Roman Catholic']
5093,[1137],['The Gospel of Matthew']
5094,[1128],['Jerome']
5095,[],[]
5096,[],[]
5097,[1129],['Lady of the Angels']
5098,"[1119, 1141, 1142]","['John the Evangelist', 'the mother of Jesus', 'a perpetual virgin']"
5099,[],[]
5100,[],[]
5101,[],[]
5102,[],[]
5103,[],[]
5104,[],[]
5105,[],[]
5106,[1131],['venerating Mary']
5107,[],[]
5108,[],[]
5109,[1132],['John Wesley']
5110,[],[]
5111,[],[]
5112,[],[]
5113,[],[]
5114,[1148],['Shabbir Akhtar']
5115,[],[]
5116,[],[]
5117,[],[]
5118,[1133],['the Temple']
5119,[],[]
5120,[],[]
5121,[],[]
5122,[],[]
5123,[1136],['Nazareth in Galilee']
5124,[],[]
5125,[1134],['Panthera']
5126,[],[]
5127,[],[]
5128,[1134],['Celsus']
5129,[],[]
5130,[],[]
5131,[1134],['Panthera']
5132,[],[]
5133,[],[]
5134,[],[]
5135,[],[]
5136,[],[]
5137,[],[]
5138,"[1113, 1136]",['Gabriel']
5139,[1136],['to not hesitate to take her as his wife']
5140,[],[]
5141,[],[]
5142,[1136],['an angel of the Lord']
5143,[],[]
5144,[],[]
5145,[],[]
5146,[],[]
5147,[],[]
5148,"[1124, 1138, 1145, 1146]","['Dormition or Assumption of Mary', 'Blessed', 'Theotokos', 'Immaculate Conception of Mary']"
5149,[],[]
5150,"[1138, 1145]","['Blessed', 'Theotokos']"
5151,[],[]
5152,[],[]
5153,[1138],['four']
5154,[],[]
5155,[1139],['Five']
5156,[],[]
5157,[1140],['Annunciation of our Lady']
5158,[],[]
5159,[],[]
5160,[],[]
5161,[],[]
5162,[],[]
5163,[],[]
5164,[],[]
5165,[],[]
5166,[],[]
5167,[],[]
5168,[],[]
5169,[],[]
5170,[],[]
5171,[],[]
5172,[],[]
5173,[],[]
5174,[],[]
5175,[],[]
5176,[],[]
5177,[],[]
5178,[1142],['Bart Ehrman']
5179,[],[]
5180,[],[]
5181,[],[]
5182,[],[]
5183,[],[]
5184,"[1128, 1144, 1152]","['Ever-Virgin', 'hyperdulia', 'prayer']"
5185,[],[]
5186,[],[]
5187,[],[]
5188,[],[]
5189,[1144],['787']
5190,[],[]
5191,[1145],['Nestorius']
5192,[],[]
5193,[1145],['Mater Dei']
5194,[],[]
5195,[1145],['Theotokos']
5196,[],[]
5197,[1146],['December 8']
5198,[1146],['1854']
5199,[],[]
5200,[1146],['December 8']
5201,[],[]
5202,[],[]
5203,[],[]
5204,[],[]
5205,[],[]
5206,[1147],['Sergei Bulgakov']
5207,[],[]
5208,[],[]
5209,[],[]
5210,[1148],['The Messiah']
5211,[1148],['Shabbir Akhtar']
5212,[],[]
5213,[],[]
5214,[],[]
5215,[1149],['Robert Van Voorst']
5216,[1149],['Raymond E. Brown']
5217,[],[]
5218,[],[]
5219,[],[]
5220,[],[]
5221,[],[]
5222,[1150],['Bethlehem']
5223,[1151],['Hebron']
5224,[],[]
5225,[],[]
5226,[],[]
5227,[1153],['Bcgehi']
5228,[],[]
5229,[1154],['Symghi tech and went on to design Kubernetes']
5230,[],[]
5231,[1156],['2056']
5232,[],[]
5233,[1156],['2056']
5234,[],[]
5235,[],[]
5236,[],[]
5237,[],[]
5238,[1159],['Product-Led User Growth']
5239,[],[]
5240,[],[]
5241,[],[]
5242,[],[]
5243,[1168],['library']
5244,[],[]
5245,[],[]
5246,[],[]
5247,[1166],['dev part']
